순번,본부,협약연도,주유소명,대표자,구분,주소(전체),전화번호,상표,품질 적합 여부
1,대경,2025,구미햇살주유소,신보미,갱신,경북 구미시 문장로146 (도량동) ,054-451-0909,석유공사,적합
2,충북,2025,오창(통영방향)주유소,"심광보, 심형욱",갱신,충북 청주시 청원구 중부고속도로19 (오창읍) ,043-217-1443,도로공사,적합
3,광전,2025,(주)풀무원푸드앤컬처 함평천지(시흥방향)주유소,이동훈,갱신,전남 함평군 서해안고속도로38-1 (손불면) ,061-322-4409,도로공사,적합
4,대경,2025,다산농협주유소,박광보,갱신,경북 고령군 다산로705 (다산면) ,054-954-6080,농협,적합
5,충북,2025,보령물산 황간(상)주유소,최만규,갱신,충북 영동군 회포1길65 (황간면) ,043-742-1266,도로공사,적합
6,전북,2025,(주)풀무원푸드앤컬처 덕유산(상)휴게소,이동훈,갱신,전북 무주군 통영대전고속도로148 (안성면) ,063-353-4206,도로공사,적합
7,부울경,2025,경민주유소,조아나,갱신,경남 밀양시 밀양대로1900 (내이동) ,055-353-1339,석유공사,적합
8,수북,2025,전곡농협주유소,최종철,갱신,경기 연천군 평화로557 (전곡읍) ,031-832-0051,농협,적합
9,대세충,2025,천안농협원성동클린주유소,윤노순,갱신,충남 천안시 동남구 중앙로13 (원성동) ,041-568-1073,농협,적합
10,충북,2025,(주)인앤아웃 충주(창원)주유소,엄정욱,갱신,충북 충주시 중부내륙고속도로231-1 (중앙탑면) ,043-857-7371,도로공사,적합
11,부울경,2025,스카이알뜰셀프주유소,김훈,갱신,울산 중구 성안로157 (성안동) ,052-246-5301,석유공사,적합
12,충북,2025,(주)바이오시스 금왕(제천)주유소,심광보 외 1명,갱신,충북 음성군 평택제천고속도로70 (금왕읍) ,043-881-8122,도로공사,적합
13,충북,2025,(주)바이오시스 금왕(평택)주유소,심광보 외 1명,갱신,충북 음성군 평택제천고속도로69 (금왕읍) ,043-882-8030,도로공사,적합
14,대경,2025,다사농협클린주유소,이상태,갱신,대구 달성군 서재로83 (다사읍) ,053-581-7799,농협,적합
15,강원,2025,서창산업(주) 옥계(속초방향)주유소,최윤묵 외 2명,갱신,강원 강릉시 동해고속도로322 (옥계면) ,033-534-2100,도로공사,적합
16,수남,2025,장호원농협주유소,송영환,갱신,경기 이천시 경충대로162 (장호원읍) ,031-643-0056,농협,적합
17,충북,2025,보령물산 황간(하)주유소,최만규,갱신,충북 영동군 회포길102 (황간면) ,043-742-5853,도로공사,적합
18,대경,2025,중화농협주유소,노연구,갱신,경북 상주시 화령로80 (화서면) ,054-533-0250,농협,적합
19,제주,2025,토평주유소,김한익,갱신,제주 서귀포시 중산간동로7801 (토평동) ,064-762-5151,석유공사,적합
20,부울경,2025,에스제이오일 주식회사 밀양(울산방향) 주유소,"김정훈,김의찬",신규,경남 밀양시 무안면 함양울산고속도로 88,055-355-7974,도로공사,적합
21,부울경,2025,에스제이오일 주식회사 밀양(함양방향) 주유소,"김정훈,김의찬",신규,경남 밀양시 무안면 함양울산고속도로 87-1,055-355-7977,도로공사,적합
22,충북,2025,(주)상일주유소,강복순,갱신,충북 청주시 서원구 청남로1162 (남이면) ,043-269-3383,석유공사,적합
23,전북,2025,고창농협주유소,유덕근,갱신,전북 고창군 고인돌대로1772 (고창읍) ,063-564-3001,농협,적합
24,강원,2025,(주)대청산업개발 동해(삼척)주유소,이경실,갱신,강원 동해시 동해대로6427 (망상동) ,033-534-6648,도로공사,적합
25,대세충,2025,부석농협주유소,지연구,갱신,충남 서산시 무학로1175 (부석면) ,041-667-1500,농협,적합
26,광전,2025,강진남부농협주유소,최길선,갱신,전남 강진군 청자로753 (칠량면) ,061-433-2152,농협,적합
27,대세충,2025,장항농협주유소,남택주,갱신,충남 서천군 성화로87 (장항읍) ,041-957-2268,농협,적합
28,수남,2025,주식회사 역곡주유소,조원준,갱신,경기 부천시 부일로820 (역곡동) ,032-345-5002,비상표,적합
29,광전,2025,해남농협마산주유소,장승영,갱신,전남 해남군 마산로398 (마산면) ,061-530-1971,농협,적합
30,강원,2025,옥계농협주유소,최종무,갱신,강원 강릉시 현내시장길14 (옥계면) ,033-534-0663,농협,적합
31,충북,2025,와이엠이십일유통㈜ 죽암(서울)주유소,박윤순,신규,충북 청주시 서원구 경부고속도로290-1 (현도면) ,043-260-5341,도로공사,적합
32,대경,2025,영천농협클린주유소,성영근,갱신,경북 영천시 장천2길23 (조교동) ,054-338-3851,농협,적합
33,전북,2025,고산주유소,김민철,갱신,전북 고창군 고인돌대로2430 (신림면) ,063-562-4061,S-Oil,적합
34,광전,2025,삼호농협주유소,황성오,갱신,전남 영암군 녹색로1210 (삼호읍) ,061-461-5151,농협,적합
35,강원,2025,새춘천주유소,이종혁,갱신,강원 춘천시 세실로38 (동내면) ,033-264-5133,석유공사,적합
36,수북,2025,영북농업협동조합,이만석,갱신,경기 포천시 호국로3759 (영북면) ,031-536-5555,농협,적합
37,수북,2025,파주농협 주유소,구선회,갱신,경기 파주시 통일로1539 (파주읍) ,031-953-7620,농협,적합
38,부울경,2025,금두꺼비주유소,이태호,갱신,부산 금정구 부곡로67 (부곡동) ,051-583-6433,석유공사,적합
39,광전,2025,대보디앤에스(주)함평나비(광주방향)주유소,한제영,갱신,전남 함평군 무안광주고속도로12-1 (엄다면) ,061-324-8864,도로공사,적합
40,광전,2025,대보디앤에스(주)함평나비(무안방향)주유소,한제영,갱신,전남 함평군 무안광주고속도로11 (엄다면) ,061-323-8867,도로공사,적합
41,전북,2025,동군산셀프주유소,김정규,갱신,전북 군산시 만경로1767 (대야면) ,063-451-8878,석유공사,적합
42,대세충,2025,송정주유소,한계화,갱신,충남 천안시 동남구 매봉로244 (병천면) ,041-561-9540,석유공사,적합
43,수남,2025,오일파크 하성주유소,서한엽,갱신,경기 김포시 금포로1925 (하성면) ,031-985-5125,석유공사,적합
44,강원,2025,원덕농협주유소,민경영,갱신,강원 삼척시 가곡천로3021 (원덕읍) ,033-575-4242,농협,적합
45,수북,2025,일동 셀프5주유소,도현호,갱신,경기 포천시 화동로1322 (일동면) ,031-534-3223,석유공사,적합
46,전북,2025,현대주유소,문기헌,갱신,전북 전주시 완산구 춘향로5197 (대성동) ,063-283-7751,석유공사,적합
47,전북,2025,보령물산(주) 고창고인돌(목포)주유소,최만규,갱신,전북 고창군 서해안고속도로81-1 (신림면) ,063-561-6319,도로공사,적합
48,부울경,2025,주식회사 경동제이에이치개발,노주형,갱신,경남 양산시 덕명로48 (덕계동) ,055-785-0987,석유공사,적합
49,충북,2025,(주)광동유통 단양팔경(춘천)주유소,김길생,갱신,충북 단양군 하방3길100 (단성면) ,043-421-1676,도로공사,적합
50,충북,2025,부자주유소,최광희,갱신,충북 청주시 흥덕구 1순환로391 (운천동) ,043-277-5198,석유공사,적합
51,대경,2025,상주원예농협주유소,이한우,갱신,경북 상주시 아리랑로55 (냉림동) ,054-531-1941,농협,적합
52,제주,2025,서귀포농협주유소,정기철,갱신,제주 서귀포시 516로38 (토평동) ,064-733-5109,농협,적합
53,강원,2025,속초농협 하나로마트 엑스포점주유소,최원규,갱신,강원 속초시 동해대로4198 (교동) ,033-636-1680,농협,적합
54,대경,2025,코끼리주유소,김희곤,갱신,경북 구미시 야은로322 (도량동) ,054-442-1010,석유공사,적합
55,수남,2025,평택농협주유소,평택농업협동조합,갱신,경기 평택시 만세로1649 (죽백동) ,031-653-9805,농협,적합
56,부울경,2025,창원진동농업협동조합 주유소,김성재,갱신,경남 창원시 마산합포구 삼진의거대로658 (진동면) ,055-271-0220,농협,적합
57,제주,2025,효돈농협주유소,백성익,갱신,제주 서귀포시 일주동로8163 (하효동) ,064-767-0395,농협,적합
58,충북,2025,음성농협주유소,박노대,갱신,충북 음성군 중앙로23 (음성읍) ,043-873-4002,농협,적합
59,대세충,2025,동현주유소,최문학,갱신,충남 공주시 차령로1851 (동현동) ,041-858-5189,석유공사,적합
60,광전,2025,목포농협주유소3호점,박정수,갱신,전남 목포시 고하대로820 (연산동) ,061-276-1900,농협,적합
61,부울경,2025,수승대농협주유소,김종두,갱신,경남 거창군 빼재로19 (마리면) ,055-942-5151,농협,적합
62,충북,2025,KIS정보통신(주)옥천(부산방향)주유소,조용수,갱신,충북 옥천군 서대구일로265-19 (옥천읍) ,043-731-8524,도로공사,적합
63,전북,2025,봉동농협주유소,김운회,갱신,전북 완주군 삼봉로906 (봉동읍) ,063-261-2025,농협,적합
64,부울경,2025,둔덕농협주유소,김임준,갱신,경남 거제시 거제남서로4580 (둔덕면) ,055-634-5189,농협,적합
65,수남,2025,여주농협클린주유소,이병길,갱신,경기 여주시 세종로421-7 (점봉동) ,031-884-5189,농협,적합
66,전북,2025,익산농협 팔봉주유소,김병옥,갱신,전북 익산시 무왕로1400-5 (팔봉동) ,063-834-3000,농협,적합
67,수남,2025,검단농협주유소,양동환,갱신,인천 서구 서곶로793 (당하동) ,032-569-5171,농협,적합
68,대경,2025,서부농협주유소,이범석,갱신,경북 성주군 가천로29 (가천면) ,054-932-4209,농협,적합
69,강원,2025,평창(강릉)주유소,"김정훈,김의찬",신규,강원 평창군 경강로2159-58 (용평면),033-334-5107,도로공사,적합
70,강원,2025,평창(서창)주유소,"김정훈,김의찬",신규,강원 평창군 탑거리길63 (용평면),033-334-5108,도로공사,적합
71,대세충,2025,한산농협주유소,박관구,갱신,충남 서천군 충절로966 (기산면) ,041-951-9510,농협,적합
72,대경,2025,함창농협주유소,김용구,갱신,경북 상주시 가야로74 (함창읍) ,054-541-0050,농협,적합
73,부울경,2025,백경주유소,박영근,갱신,울산 울주군 덕신로478 (온산읍) ,052-238-5180,석유공사,적합
74,대경,2025,안동농협용상주유소,권태형,갱신,경북 안동시 경동로1014 (용상동) ,054-823-5182,농협,적합
75,대경,2025,안동농협유류사업소,권태형,갱신,경북 안동시 경동로173 (송현동) ,054-857-0099,농협,적합
76,대경,2025,울진농협 영농지원센터,임경수,갱신,경북 울진군 울진북로684 (울진읍) ,054-783-1048,농협,적합
77,수남,2025,(주)경기에너지 뉴타운주유소,정현돈,갱신,경기 안성시 안성맞춤대로862 (계동) ,031-673-0021,석유공사,적합
78,수북,2025,대보건설(주)구리(일산방향)주유소,김성호,갱신,경기 구리시 수도권제1순환고속도로32 (사노동) ,031-528-3002,도로공사,적합
79,수북,2025,대보건설(주)구리(판교방향)주유소,김성호,갱신,경기 구리시 수도권제1순환고속도로27 (토평동) ,031-555-0740,도로공사,적합
80,수남,2025,신기알뜰,안동근,갱신,경기 화성시 화성로1472 (남양읍) ,031-357-1145,석유공사,적합
81,수남,2025,와이엠이십일유통(주) 서여주(양평)주유소,박윤순,신규,경기 여주시 중부내륙고속도로272 (세종대왕면),031-885-9764,도로공사,적합
82,수남,2025,와이엠이십일유통(주) 서여주(창원)주유소,박윤순,신규,경기 여주시 중부내륙고속도로271 (세종대왕면),031-884-9718,도로공사,적합
83,대경,2025,㈜태산이앤엘 강변주유소,오도균,신규,경북 칠곡군 칠곡대로1146 (약목면),054-974-4457,석유공사,적합
84,대경,2025,㈜태산이앤엘 양지셀프주유소,오도균,신규,대구 북구 관음로 211,053-242-2003,석유공사,적합
85,대경,2025,㈜태산이앤엘 호반셀프주유소,오도균,신규,경북 경주시 호국로2191 (안강읍),054-762-6335,석유공사,적합
86,대경,2025,(주)경인석유 고속도로 외동(하)주유소,남영선,갱신,경북 경주시 상석길58-74 (외동읍) ,054-745-0086,도로공사,적합
87,제주,2025,명품주유소,좌성목,갱신,제주 제주시 월광로101 (노형동) ,064-712-5155,석유공사,적합
88,강원,2025,솔향주유소,최태규,갱신,강원 강릉시 공제로437번길1 (홍제동) ,033-641-1771,석유공사,적합
89,제주,2025,이좋은주유소,강철민,갱신,제주 제주시 노형로218 (노형동) ,064-746-4687,석유공사,적합
90,대경,2025,춘양농협주유소,김성환,갱신,경북 봉화군 소천로36 (춘양면) ,054-672-3395,농협,적합
91,전북,2025,선운산농협주유소,김기육,갱신,전북 고창군 동서대로906 (무장면) ,063-562-9600,농협,적합
92,전북,2025,알뜰천하주유소,이정복,갱신,전북 김제시 동서로290 (신풍동) ,063-544-5555,석유공사,적합
93,제주,2025,우수주유소,조양수,갱신,제주 서귀포시 번영로3497 (표선면) ,064-787-0011,석유공사,적합
94,대세충,2025,대산농협주유소,김기곤,갱신,충남 서산시 충의로2001 (대산읍) ,041-660-9966,농협,적합
95,대경,2025,(주)에너지영신,최광수,갱신,대구 북구 호국로729 (학정동) ,053-325-7450,석유공사,적합
96,수남,2025,명품주유소,이승호,갱신,경기 수원시 권선구 권선로653 (권선동) ,031-232-6051,석유공사,적합
97,수남,2025,원더우먼주유소,박경심,갱신,경기 화성시 포승향남로1106 (우정읍) ,031-358-5181,석유공사,적합
98,대세충,2025,신안주유소,김봉출,갱신,세종 세종로2678 (조치원읍) ,044-865-2321,석유공사,적합
99,수북,2025,덕양주유소,권평,갱신,경기 고양시 덕양구 충장로142 (행신동) ,031-979-8426,석유공사,적합
100,전북,2025,장계농협주유소,곽점용,갱신,전북 장수군 한들로114 (장계면) ,063-352-5145,농협,적합
101,충북,2025,금정주유소,유진현,갱신,충북 음성군 중원대로10 (생극면) ,043-878-8102,석유공사,적합
102,광전,2025,세지예향주유소,김득우,갱신,전남 나주시 예향로3014 (세지면) ,061-337-3342,석유공사,적합
103,대경,2025,만남의주유소,장용석,갱신,경북 칠곡군 경북대로1883 (가산면) ,054-971-2025,석유공사,적합
104,수남,2025,대보유통(주)화성(상)주유소,김진경,갱신,경기 화성시 서해안고속도로302-1 (팔탄면) ,031-353-8148,도로공사,적합
105,대경,2025,㈜지엠옥계주유소,김혜남,신규,경북 구미시 산호대로585 (양호동),054-475-4008,석유공사,적합
106,부울경,2025,대양주유소,서용수,갱신,부산 진구 새싹로61-1 (부암동) ,051-818-6161,석유공사,적합
107,대세충,2025,천지인주유소,유명희,갱신,대전 중구 대종로44 (옥계동) ,042-272-6100,비상표,적합
108,부울경,2025,풀무원식품(주) 양산(서울방향)주유소,이동훈 외 2명,갱신,경남 양산시 목장길15-50 (동면) ,055-389-1750,도로공사,적합
109,수북,2025,(주)에이치앤디이 서울만남의광장주유소,정영권,갱신,서울 서초구 양재대로12길73-71 (원지동) ,02-573-7430,도로공사,적합
110,수북,2025,능동주유소,박한국,신규,서울 광진구 천호대로584 (능동),02-452-7723,석유공사,적합
111,부울경,2025,대림주유소,김형수,갱신,경남 창원시 의창구 팔용로501 (팔용동) ,055-256-2024,석유공사,적합
112,제주,2025,일광주유소,위광준,갱신,제주 제주시 일주동로53 (건입동) ,064-756-5189,석유공사,적합
113,전북,2025,태경산업(주) 군산(무안)주유소,김민정 외 2명,갱신,전북 군산시 서해안고속도로141 (성산면) ,063-453-5763,도로공사,적합
114,전북,2025,태경산업(주) 군산(서울)주유소,김민정 외 2명,갱신,전북 군산시 서해안고속도로148 (나포면) ,063-453-5163,도로공사,적합
115,전북,2025,장수농협클린주유소,김용준,갱신,전북 장수군 장천로194 (장수읍) ,063-351-5185,농협,적합
116,대경,2025,진량농협서부주유소,박문현,갱신,경북 경산시 대학로946 (진량읍) ,053-854-2296,농협,적합
117,광전,2025,황룡농협주유소,김형중,갱신,전남 장성군 함장로5140 (황룡면) ,061-393-2059,농협,적합
118,수남,2025,대보유통(주)화성(하)주유소,김진경,갱신,경기 화성시 서해안고속도로301-1 (팔탄면) ,031-353-8015,도로공사,적합
119,수남,2025,(주)한미석유 기흥주유소,박재형,갱신,경기 용인시 기흥구 공세로173 (공세동) ,02-590-5323,도로공사,적합
120,수북,2025,대원주유소,박주원,갱신,경기 파주시 청송로1091 (적성면) ,031-959-3422,석유공사,적합
121,광전,2025,해남농협주유소,장승영,갱신,전남 해남군 남부순환로64 (해남읍) ,061-536-4955,농협,적합
122,수남,2025,광주농협 제2주유소,강동구,갱신,경기 광주시 파발로97 (경안동) ,031-763-9800,농협,적합
123,강원,2025,(주)대현유통 횡성(서창)주유소,고재욱,갱신,강원 횡성군 영동고속도로153-1 (안흥면) ,033-342-5880,도로공사,적합
124,부울경,2025,거창사과원예농협주유소,오종석,갱신,경남 거창군 수남로2245 (거창읍) ,055-945-5150,농협,적합
125,대경,2025,고경농협주유소,이상혁,갱신,경북 영천시 호국로1087 (고경면) ,054-330-1612,농협,적합
126,전북,2025,수성주유소,임민준,갱신,전북 정읍시 서부산업도로433 (농소동) ,063-533-5145,석유공사,적합
127,충북,2025,오창주유소,장명자,갱신,충북 청주시 청원구 두릉유리로974 (오창읍) ,043-217-5245,석유공사,적합
128,수남,2025,주식회사 늘품오일 한길셀프주유소,서한엽,갱신,인천 서구 검단로861 (불로동) ,032-568-8995,석유공사,적합
129,수북,2025,한강주유소,배석민,갱신,경기 고양시 덕양구 행주로57-28 (행주내동) ,031-972-9125,석유공사,적합
130,수남,2025,(주)부자 송산주유소(시흥방향),정대해,갱신,경기 화성시 평택시흥고속도로25 (송산면) ,031-357-8192,비상표,적합
131,수남,2025,(주)부자 송산주유소(평택방향),정대해,갱신,경기 화성시 평택시흥고속도로25 (송산면) ,031-357-8194,비상표,적합
132,수남,2025,강가주유소,문선옥,갱신,경기 양평군 경강로1638 (양평읍) ,031-771-0185,석유공사,적합
133,대경,2025,(주)경인석유 고속도로 동명(부산)주유소,남영선,갱신,경북 칠곡군 중앙고속도로123 (동명면) ,054-977-6934,도로공사,적합
134,대경,2025,(주)경인석유 고속도로 동명(춘천)주유소,남영선,갱신,경북 칠곡군 동명면 가천리 85-2,054-977-6941,도로공사,적합
135,대경,2025,(주)경인석유 고속도로 외동(상)주유소,남영선,갱신,경북 경주시 상석길58-70 (외동읍) ,054-745-0023,도로공사,적합
136,대경,2025,(주)남영전구 청송(상주)주유소,신동익,갱신,경북 청송군 중평병부길203-92 (파천면) ,054-872-5911,도로공사,적합
137,수남,2025,(주)서원 안성맞춤(평택)주유소,조영규,갱신,경기 안성시 평택제천고속도로41 (서운면) ,031-672-9622,도로공사,적합
138,대세충,2025,(주)선인상사 예산(당진방향)주유소,오인환,갱신,충남 예산군 당진영덕고속도로33 (신양면) ,041-335-0052,도로공사,적합
139,대세충,2025,(주)선인상사 예산(대전방향)주유소,오인환,갱신,충남 예산군 당진영덕고속도로34 (신양면) ,041-334-0081,도로공사,적합
140,강원,2025,(주)선인상사 홍천강(춘천방향)주유소,오인환,갱신,강원 홍천군 도사곡길223 (북방면) ,033-435-6751,도로공사,적합
141,수남,2025,(주)프로포지테크 직영 우리주유소,최석진,갱신,경기 시흥시 황고개로311 (군자동) ,031-498-0051,석유공사,적합
142,광전,2025,(주)황룡강주유소,조성수,갱신,전남 장성군 강변로558 (황룡면) ,061-393-2411,석유공사,적합
143,부울경,2025,(주)흥연주유소,권순효,갱신,울산 울주군 웅촌로377 (웅촌면) ,052-225-5001,석유공사,적합
144,대경,2025,금호농협 클린주유소,김천덕,갱신,경북 영천시 금창로76 (금호읍) ,054-338-9190,농협,적합
145,부울경,2025,김해금관가야휴게소주유소(기장방향),양재정,갱신,경남 김해시 동남로400 (대동면) ,055-312-2862,도로공사,적합
146,부울경,2025,김해금관가야휴게소주유소(창원방향),양재정,갱신,경남 김해시 동남로400 (대동면) ,055-312-2864,도로공사,적합
147,수남,2025,대박주유소,구본형,갱신,인천 동구 송미로50 (송림동) ,032-762-3080,석유공사,적합
148,대세충,2025,대보건설(주) 서천(목포)주유소,김성호,갱신,충남 서천군 서해안고속도로169 (비인면) ,041-952-9738,도로공사,적합
149,수남,2025,대보건설(주)성남(구리방향)주유소,김성호,갱신,경기 성남시 수정구 산성대로41 (수진동) ,031-759-0178,도로공사,적합
150,수남,2025,대보건설(주)이천(하남)주유소,김성호,갱신,경기 이천시 서이천로853번길346-149 (신둔면) ,031-637-0953,도로공사,적합
151,수남,2025,대보유통(주)안성(서울)주유소,김진경,갱신,경기 안성시 경부고속도로372-1 (원곡면) ,031-664-4096,도로공사,적합
152,충북,2025,문의청남대주유소(영덕방향),양재정,갱신,충북 청주시 상당구 당진영덕고속도로124 (문의면) ,043-715-2820,도로공사,적합
153,충북,2025,문의청남대주유소(청주방향),양재정,갱신,충북 청주시 상당구 당진영덕고속도로123 (문의면) ,042-223-2823,도로공사,적합
154,대경,2025,성주(양평)주유소,심광보 외 1명,갱신,경북 성주군 중부내륙고속도로98 (초전면) ,054-933-0820,도로공사,적합
155,대경,2025,성주(창원)주유소,심광보 외 1명,갱신,경북 성주군 중부내륙고속도로97 (초전면) ,054-932-1200,도로공사,적합
156,대세충,2025,신탄진(상)주유소,신상태,갱신,대전 대덕구 산업단지로27 (상서동) ,042-934-2445,도로공사,적합
157,대경,2025,씨앤에스에너지 영천(포항방향)주유소,전준용 외 1명,갱신,경북 영천시 운주로777 (임고면) ,054-338-9135,도로공사,적합
158,수남,2025,"씨앤에스에너지(주) 여주(상)주유소, 충전소",전준용 외 1명,갱신,경기 여주시 화평길116 (가남읍) ,031-881-3655,도로공사,적합
159,강원,2025,"씨앤에스에너지(주) 횡성(하)주유소, 충전소",전준용 외 1명,갱신,강원 횡성군 영동고속도로154-1 (안흥면) ,033-342-7357,도로공사,적합
160,전북,2025,역전셀프주유소,송지은,갱신,전북 전주시 덕진구 동부대로748 (우아동3가) ,063-245-5189,석유공사,적합
161,수남,2025,와이엠이십일유통㈜ 안성맞춤(제천)주유소,박윤순,갱신,경기 안성시 평택제천고속도로40 (서운면) ,031-674-8644,도로공사,적합
162,충북,2025,음성(남이방향)주유소,함진규,갱신,충북 음성군 중부고속도로51 (삼성면) ,070-4290-8327,도로공사,적합
163,부울경,2025,주식회사 이림,황태호,갱신,울산 울주군 반구대로607 (삼남읍) ,052-254-0003,석유공사,적합
164,수남,2025,탑주유소,최석훈,갱신,인천 미추홀구 송림로217 (도화동) ,032-765-5188,석유공사,적합
165,수남,2025,포곡농협가득채움주유소 본점,김순곤,신규,경기 용인시 처인구 포곡읍 포곡로227,031-334-5844,농협,적합
166,부울경,2025,풀무원식품(주) 장유(부산)주유소,이동훈 외 2명,갱신,경남 김해시 장유로116번길44-82 (부곡동) ,055-323-0878,도로공사,적합
167,수남,2025,하이오아시스(주)매송(목포)주유소,강민구,갱신,경기 화성시 서해안고속도로315-1 (매송면) ,031-296-1509,도로공사,적합
168,수남,2025,하이오아시스(주)매송(서울)주유소,강민구,갱신,경기 화성시 서해안고속도로316-1 (매송면) ,031-295-1509,도로공사,적합
169,대경,2025,한국도로공사 문경(양평방향)주유소,함진규,갱신,경북 문경시 중부내륙고속도로174-1 (유곡동) ,054-554-1614,도로공사,적합
170,부울경,2025,희승주유소,이공주,갱신,경남 함안군 장백로386 (군북면) ,055-582-8881,석유공사,적합
171,대경,2025,냉천주유소,변미향,갱신,대구 달성군 가창로672 (가창면) ,053-767-2465,석유공사,적합
172,대경,2025,샬롬주유소,신성민,갱신,대구 달서구 달서대로58 (유천동) ,053-643-5189,석유공사,적합
173,강원,2025,(주)대청산업개발 원주(춘천)주유소,이경실,갱신,강원 원주시 마근거리길110 (호저면) ,033-731-6425,도로공사,적합
174,수북,2025,성원주유소,김영수,갱신,경기 포천시 청군로3133 (군내면) ,031-536-3351,석유공사,적합
175,수남,2025,(주)왕산레저개발,윤영,갱신,인천 중구 왕산마리나길131 (을왕동) ,032-202-9960,S-Oil,적합
176,대세충,2025,광석농협주유소,장준호,갱신,충남 논산시 논산평야로874 (광석면) ,041-732-5182,농협,적합
177,수남,2025,서신농협주유소,안성철,갱신,경기 화성시 궁평항로1705 (서신면) ,031-357-5031,농협,적합
178,수남,2025,세종대왕농협주유소,이명호,갱신,경기 여주시 마장로9 (세종대왕면) ,031-881-4322,농협,적합
179,광전,2025,용두농협주유소,남인현,갱신,전남 장흥군 곰치로9 (장동면) ,061-862-9715,농협,적합
180,전북,2025,정읍농협주유소,유남영,갱신,전북 정읍시 내장산로135 (금붕동) ,063-536-5151,농협,적합
181,전북,2025,(주)원일유통 강천산(광주)주유소,정승일,갱신,전북 순창군 광주대구고속도로27 (순창읍) ,063-653-4171,도로공사,적합
182,대경,2025,(주)한라석유칠곡(상행),위희연,갱신,경북 칠곡군 경부고속도로158 (왜관읍) ,054-975-2544,도로공사,적합
183,부울경,2025,장유농업협동조합주유소,김병일,갱신,경남 김해시 장유로415 (신문동) ,055-314-8815,농협,적합
184,대세충,2025,배방농업협동조합주유소,이형기,갱신,충남 아산시 호서로429 (배방읍) ,041-537-0555,농협,적합
185,대세충,2025,정안농협주유소,윤상우,갱신,충남 공주시 활원길48-10 (정안면) ,041-858-8325,농협,적합
186,전북,2025,(유)팔복주유소,윤권,갱신,전북 전주시 덕진구 기린대로714 (팔복동1가) ,063-211-0619,석유공사,적합
187,전북,2025,금마제일주유소,라정효 외 1명,갱신,전북 익산시 무왕로1824 (금마면) ,063-836-6463,석유공사,적합
188,대경,2025,(주)남영전구 청송(영덕)주유소,신동익,갱신,경북 청송군 중평병부길203-115 (파천면) ,054-872-9102,도로공사,적합
189,충북,2025,(주)범화 오창(하남)주유소,이영호,갱신,충북 청주시 청원구 중부고속도로22 (오창읍) ,043-217-8313,도로공사,적합
190,강원,2025,기린농협주유소,정종옥,갱신,강원 인제군 내린천로3996 (기린면) ,033-462-5188,농협,적합
191,대경,2025,대곡알뜰주유소,박재진,갱신,대구 달서구 명천로28 (대곡동) ,053-634-5180,석유공사,적합
192,대경,2025,대광셀프주유소,최광기,갱신,경북 칠곡군 경북대로158 (동명면) ,054-976-2323,석유공사,적합
193,대경,2025,동마 제1주유소,박동노,갱신,대구 달서구 달구벌대로1196 (신당동) ,053-586-8868,석유공사,적합
194,대경,2025,동서변주유소,김종래,갱신,대구 북구 호국로141 (서변동) ,053-951-5141,석유공사,적합
195,대경,2025,배원에너지,오선옥,갱신,경북 구미시 금오대로373 (오태동) ,054-465-5182,석유공사,적합
196,대경,2025,신명주유소,정성욱,갱신,대구 남구 대명로226 (대명동) ,053-623-6767,석유공사,적합
197,대경,2025,영신제2주유소,최광수,갱신,대구 서구 서대구로207 (평리동) ,053-553-5511,석유공사,적합
198,대경,2025,영풍주유소,강창우,갱신,경북 김천시 용암로40 (용두동) ,054-435-5659,석유공사,적합
199,대세충,2025,예산능금농협주유소,권오영,갱신,충남 예산군 충서로854 (예산읍) ,041-332-8506,농협,적합
200,대경,2025,와촌IC주유소,태호영,갱신,경북 경산시 금송로430 (와촌면) ,053-851-0051,석유공사,적합
201,전북,2025,월명주유소,김성민,갱신,전북 군산시 해망로517 (소룡동) ,063-465-2535,석유공사,적합
202,수북,2025,은현농협 에너지주유소,정설화,갱신,경기 양주시 화합로1148 (은현면) ,031-859-5151,농협,적합
203,광전,2025,장성 농협주유소,나상준,갱신,전남 장성군 뱃나드리로245 (장성읍) ,061-393-1000,농협,적합
204,강원,2025,진운주유소,심연진,갱신,강원 원주시 원문로1320 (문막읍) ,033-748-0027,석유공사,적합
205,충북,2025,창현주유소,이기필,갱신,충북 청주시 흥덕구 가로수로567-9 (강내면) ,043-234-5331,석유공사,적합
206,대세충,2025,충청에너지주유소,이기천,갱신,세종 세종로3894 (전의면) ,044-862-5133,석유공사,적합
207,대세충,2025,한국도로공사 홍성(목포)주유소,함진규,갱신,충남 홍성군 서해안고속도로221-1 (은하면) ,041-642-1145,도로공사,적합
208,전북,2025,행복주유소,이현철,갱신,전북 전주시 덕진구 동부대로641 (우아동3가) ,063-247-8985,석유공사,적합
209,강원,2025,횡성농협 클린주유소,마기성,갱신,강원 횡성군 한우로323 (횡성읍) ,033-345-4848,농협,적합
210,충북,2025,남청주농협주유소,이길웅,갱신,충북 청주시 서원구 청남로1228 (남이면) ,043-260-6003,농협,적합
211,부울경,2025,(주)오일석유,김태희,갱신,울산 울주군 경부고속도로44 (언양읍) ,052-263-6146,도로공사,적합
212,광전,2025,마한농협주유소 양산점,문홍열,갱신,전남 나주시 예향로3531 (왕곡면) ,061-337-5785,농협,적합
213,대경,2025,외동농협주유소,이채철,갱신,경북 경주시 산업로2460 (외동읍) ,054-775-5189,농협,적합
214,부울경,2025,금오농협진교지점주유소,정영대,갱신,경남 하동군 경충로1065 (진교면) ,055-883-5182,농협,적합
215,부울경,2025,신마산주유소,정명수,갱신,경남 창원시 마산합포구 밤밭고개로390 (월영동) ,055-222-5182,석유공사,적합
216,부울경,2025,통영축산농협 삼원주유소,황진도,갱신,경남 통영시 남해안대로246 (용남면) ,055-642-5565,농협,적합
217,광전,2025,서창농협주유소,김명열,갱신,광주 서구 회재로527 (서창동) ,062-371-1472,농협,적합
218,수북,2025,소흘농협주유소,김재원,갱신,경기 포천시 검바위길39 (소흘읍) ,031-541-6325,농협,적합
219,수북,2025,은현농협주유소,정설화,갱신,경기 양주시 은현로76 (은현면) ,031-861-2009,농협,적합
220,광전,2025,(유)모우리주유소,신은주,갱신,광주 광산구 소촌로68 (소촌동) ,062-944-9553,석유공사,적합
221,광전,2025,(유)우리주유소,신은주,갱신,광주 광산구 목련로225 (운남동) ,062-956-5171,석유공사,적합
222,광전,2025,(유)착한주유소,신은주,갱신,광주 북구 동문대로452 (장등동) ,062-266-1181,석유공사,적합
223,부울경,2025,(주)주공에너지,하우식,갱신,부산 진구 백양대로231 (개금동) ,051-898-0809,석유공사,적합
224,대경,2025,강변공원주유소,라태연,갱신,경북 김천시 영남대로1530 (부곡동) ,054-436-3800,석유공사,적합
225,수남,2025,김포감정주유소,김희순,갱신,경기 김포시 김포대로1135 (감정동) ,031-986-5199,석유공사,적합
226,수남,2025,남동농협주유소,한윤우,갱신,인천 남동구 소래로446 (수산동) ,032-464-1861,농협,적합
227,강원,2025,대보건설(주)원주(부산방향)주유소,김성호,갱신,강원 원주시 마근거리길120 (호저면) ,033-731-0736,도로공사,적합
228,수남,2025,마도농협주유소 쌍송점,권태우,갱신,경기 화성시 마도공단로149 (마도면) ,031-8059-1300,농협,적합
229,대경,2025,문화주유소,김학재,갱신,대구 수성구 청호로93 (지산동) ,053-782-3300,석유공사,적합
230,제주,2025,수산주유소,부철,갱신,제주 서귀포시 서성일로898 (성산읍) ,064-782-5189,석유공사,적합
231,수남,2025,이천 강가주유소,문선옥,갱신,경기 이천시 중부대로1782 (부발읍) ,031-635-5185,석유공사,적합
232,대경,2025,인동주유소,변종석,갱신,경북 구미시 수출대로500 (황상동) ,054-472-7785,석유공사,적합
233,충북,2025,청주주유소,김동수,갱신,충북 청주시 청원구 직지대로830 (우암동) ,043-223-3323,석유공사,적합
234,전북,2025,춘향(순천방향)주유소,김정일,갱신,전북 남원시 순천완주고속도로49 (수지면) ,063-633-0377,도로공사,적합
235,전북,2025,춘향(완주방향)주유소,김정일,갱신,전북 남원시 순천완주고속도로50 (수지면) ,063-636-2207,도로공사,적합
236,강원,2025,동명주유소,이규상,갱신,강원 원주시 치악로2090 (태장동) ,033-743-4288,석유공사,적합
237,충북,2025,유한회사 주유나라주유소,한동규 외 1명,갱신,충북 청주시 청원구 율천북로175 (율량동) ,043-216-0383,석유공사,적합
238,충북,2025,주식회사 나이스디앤에스 금강(부산방향)주유소,김윤종,갱신,충북 옥천군 금강로596 (동이면) ,043-733-0439,도로공사,적합
239,수북,2025,가산농업협동조합 내촌주유소,김창길,갱신,경기 포천시 금강로2229 (내촌면) ,031-532-2828,농협,적합
240,대경,2025,현풍(하)주유소 풀무원식품(주),이동훈 외 2명,갱신,대구 달성군 중부내륙지선고속도로3 (현풍읍) ,053-614-2437,도로공사,적합
241,전북,2025,에이스주유소,송혁기,신규,전북특별자치도 정읍시 벚꽃로70 (농소동),063-536-8552,석유공사,적합
242,대세충,2025,온양농협주유소,백성현,갱신,충남 아산시 서부북로906 (신창면) ,041-542-2584,농협,적합
243,강원,2025,(주)서원 구정(속초방향)주유소,조영규,갱신,강원 강릉시 동해고속도로346 (구정면) ,033-644-4929,도로공사,적합
244,제주,2025,한림농협주유소,차성준,갱신,제주 제주시 한림상로89 (한림읍) ,064-795-2656,농협,적합
245,광전,2025,태경산업(주) 함평(무안)주유소,김민정 외 2명,갱신,전남 함평군 서해안고속도로31-1 (함평읍) ,061-324-4136,도로공사,적합
246,대경,2025,강변self주유소,김광은,신규,경북 포항시 남구 희망대로971 (해도동),054-282-5188,석유공사,적합
247,대세충,2025,입장농협주유소,한한수,갱신,충남 천안시 서북구 입장로113 (입장면) ,041-585-8368,농협,적합
248,충북,2025,괴산(양평방향)주유소,이경실,갱신,충북 괴산군 중부내륙고속도로204 (장연면) ,043-832-6598,도로공사,적합
249,충북,2025,주식회사 청주관문주유소,이우균,갱신,충북 청주시 서원구 청남로1894 (미평동) ,043-292-1710,석유공사,적합
250,수남,2025,양평농업협동조합주유소,한현수,갱신,경기 양평군 중앙로178 (양평읍) ,031-774-5194,농협,적합
251,수남,2025,양평농협 강상주유소,한현수,갱신,경기 양평군 느티나무1길5 (강상면) ,031-774-5195,농협,적합
252,수남,2025,이천농협주유소,이덕배,갱신,경기 이천시 이여로180 (백사면) ,031-637-5063,농협,적합
253,충북,2025,장성주유소,박재관,신규,충북 청주시 서원구 양촌4길3(남이면),043-286-5189,석유공사,적합
254,수남,2025,안중농협 송담주유소,배세현,갱신,경기 평택시 송담1로10 (현덕면) ,031-682-8400,농협,적합
255,광전,2025,정남진 장흥농협주유소,강경일,갱신,전남 장흥군 북부로6 (장흥읍) ,061-863-1303,농협,적합
256,대경,2025,주식회사 에스피씨삼립 김천(부산방향)주유소,김범수,갱신,경북 김천시 경부고속도로193 (농소면) ,054-435-0266,도로공사,적합
257,수북,2025,회천농협주유소,박영서,갱신,경기 양주시 평화로1851 (회정동) ,031-858-8300,농협,적합
258,대세충,2025,(주)남영전구 천안(부산)주유소,신동익,갱신,충남 천안시 동남구 성남로793-40 (수신면) ,041-552-6367,도로공사,적합
259,대경,2025,(주)대청산업개발 현풍(대구)주유소,이경실,갱신,대구 달성군 중부내륙지선고속도로4 (현풍읍) ,053-614-2508,도로공사,적합
260,대경,2025,천지주유소,김천수 외 1명,갱신,대구 북구 사수로369 (금호동) ,053-312-0072,석유공사,적합
261,전북,2025,대보유통(주) 부안(목포)주유소,김진경,갱신,전북 부안군 서해안고속도로103 (주산면) ,063-776-7088,도로공사,적합
262,전북,2025,대보유통(주) 부안(서울)주유소,김진경,갱신,전북 부안군 서해안고속도로106 (주산면) ,063-776-7088,도로공사,적합
263,강원,2025,키다리식품(주) 내린천(서울)주유소,이명수,갱신,강원 인제군 서울양양고속도로117 (상남면) ,033-852-7110,도로공사,적합
264,강원,2025,키다리식품(주) 내린천(양양)주유소,이명수,갱신,강원 인제군 서울양양고속도로117 (상남면) ,033-852-7220,도로공사,적합
265,부울경,2025,(주)알뜰함양주유소,김영섭,갱신,경남 함양군 함양로804 (함양읍) ,055-963-2100,석유공사,적합
266,부울경,2025,문산주유소(순천방향),양재정,갱신,경남 진주시 남해고속도로195 (문산읍) ,055-762-2048,도로공사,적합
267,부울경,2025,산단주유소,홍석희,갱신,경남 함안군 함안산단로69 (군북면) ,055-585-4874,S-Oil,적합
268,제주,2025,애월농업협동조합주유소,김병수,갱신,제주 제주시 일주서로6252 (애월읍) ,064-799-0164,농협,적합
269,부울경,2025,주식회사 이엠석유 함안(하)주유소,변성해,갱신,경남 함안군 현포로205 (군북면) ,055-583-9341,도로공사,적합
270,대세충,2025,서산농협주유소,이상윤,갱신,충남 서산시 서해로3179 (예천동) ,041-666-5337,농협,적합
271,광전,2025,별량주유소,최남휴,갱신,전남 순천시 우산외동길2 (별량면) ,061-742-4488,농협,적합
272,대세충,2025,태안농협주유소,김만규,갱신,충남 태안군 서해로1948 (태안읍) ,041-673-8937,농협,적합
273,제주,2025,구좌농협 주유농기계센터,윤민,갱신,제주 제주시 일주동로3190 (구좌읍) ,064-783-5150,농협,적합
274,강원,2025,영월농협주유소,최승철,갱신,강원 영월군 하송로156 (영월읍) ,033-374-9200,농협,적합
275,대경,2025,예천농협주유소,이달호,갱신,경북 예천군 충효로272 (예천읍) ,054-653-5432,농협,적합
276,대경,2025,공성농협주유소,서석항,갱신,경북 상주시 남상주로275 (공성면) ,054-534-8210,농협,적합
277,수남,2025,대신농협클린주유소,이용주,갱신,경기 여주시 여양로1537 (대신면) ,031-884-3848,농협,적합
278,수북,2025,연천농협주유소,임철진,갱신,경기 연천군 평화로1211 (연천읍) ,031-834-5188,농협,적합
279,대경,2025,추풍령(부산방향)주유소,표경자,갱신,경북 김천시 경부고속도로213-1 (봉산면) ,054-430-0502,도로공사,적합
280,대경,2026,㈜아스트로주유소,김태헌,신규,대구 북구 팔달로215 (노원동2가),053-351-8500,석유공사,적합
281,광전,2026,한국도로공사 백양사(논산)주유소,함진규,갱신,전남 장성군 호남고속도로108-1 (북일면) ,061-393-0257,도로공사,적합
282,대경,2026,유남석유(주),최영자,갱신,경북 칠곡군 경부고속도로159 (왜관읍) ,054-975-1734,도로공사,적합
283,광전,2026,백양사(하)주유소,김봉수,갱신,전남 장성군 호남고속도로107 (북이면) ,061-394-5178,도로공사,적합
284,대경,2026,삼보주유소,지재우,신규,대구 수성구 무학로61 (상동),053-764-3551,석유공사,적합
285,강원,2026,(주)대현유통 문막(하)주유소,고재욱,갱신,강원 원주시 원문로1234 (문막읍) ,033-734-0764,도로공사,적합
286,충북,2026,칠성알뜰주유소,박진호,갱신,충북 괴산군 중부로5609 (칠성면) ,043-832-5042,석유공사,적합
287,제주,2026,편리한주유소,전승엽,갱신,제주 제주시 중앙로487 (아라이동) ,064-724-5123,석유공사,적합
288,대세충,2026,홍성농업협동조합주유소,박문수,갱신,충남 홍성군 조양로246번길18 (홍성읍) ,041-630-2080,농협,적합
289,충북,2026,(주)파리크라상 천등산(제천방향)주유소,도세호,갱신,충북 충주시 평택제천고속도로106 (산척면) ,043-844-2988,도로공사,적합
290,충북,2026,(주)파리크라상 천등산(평택방향)주유소,도세호,갱신,충북 충주시 평택제천고속도로109 (산척면) ,043-844-2915,도로공사,적합
291,부울경,2026,김해농업협동조합주유소,조정제,갱신,경남 김해시 김해대로2476 (삼정동) ,055-314-6141,농협,적합
292,부울경,2026,김해농협 서김해주유소,조정제,갱신,경남 김해시 금관대로1013 (풍유동) ,055-312-1622,농협,적합
293,강원,2026,동철원농협주유소,장명,갱신,강원 철원군 갈말로7 (갈말읍) ,033-452-5142,농협,적합
294,대경,2026,불국사농협주유소,김영도,갱신,경북 경주시 산업로2906 (시래동) ,054-745-7851,농협,적합
295,대세충,2026,서산농협팔봉지점주유소,이상윤,갱신,충남 서산시 한월당로344 (팔봉면) ,041-662-2119,농협,적합
296,대경,2026,옥포농협클린주유소,김용,갱신,대구 달성군 비슬로2259 (옥포읍) ,053-615-9977,농협,적합
297,전북,2026,(주)원일유통 강천산(대구)주유소,정승일,갱신,전북 순창군 광주대구고속도로28 (순창읍) ,063-653-3068,도로공사,적합
298,수남,2026,마도농협주유소,권태우,갱신,경기 화성시 화성로777 (마도면) ,031-357-4694,농협,적합
299,제주,2026,삼양주유소,김희옥,갱신,제주 제주시 일주동로398 (삼양이동) ,064-757-4941,석유공사,적합
300,대경,2026,(주)바이오시스 와촌(하)주유소,심광보,갱신,경북 경산시 강학길103 (와촌면) ,053-853-1082,도로공사,적합
301,대경,2026,(주)바이오시스 청통(상)주유소,심광보,갱신,경북 영천시 청통로334-42 (청통면) ,054-337-5074,도로공사,적합
302,대세충,2026,그린주유소(주),이상선,갱신,대전 서구 동서대로953 (내동) ,042-534-5301,석유공사,적합
303,강원,2026,문막농협주유소,곽후신,갱신,강원 원주시 문막시장1길15 (문막읍) ,033-737-1166,농협,적합
304,대경,2026,양남농협경제사업장주유소,백민석,갱신,경북 경주시 동해안로445 (양남면) ,054-749-4011,농협,적합
305,강원,2026,한국도로공사 문막(인천)주유소,함진규,갱신,강원 원주시 개나루길13 (문막읍) ,033-734-0767,도로공사,적합
306,부울경,2026,영남화훼원예농협주유소,김성관,갱신,경남 김해시 분성로465 (삼정동) ,055-337-0055,농협,적합
307,부울경,2026,동거창농업협동조합 주유소,이재현,갱신,경남 거창군 가조가야로1063 (가조면) ,055-943-1040,농협,적합
308,광전,2026,YM21유통(주)섬진강(상)주유소,박윤순,갱신,전남 광양시 신답길24-14 (진월면) ,061-772-4163,도로공사,적합
309,광전,2026,YM21유통(주)섬진강(하)주유소,박윤순,갱신,전남 광양시 섬진강매화로141 (진월면) ,061-772-2106,도로공사,적합
310,대세충,2026,망향주유소,김길생,갱신,충남 천안시 서북구 석문길98 (성거읍) ,041-557-6161,도로공사,적합
311,부울경,2026,(주)썬엘 칠서(상)주유소·충전소,표경자,갱신,경남 함안군 계룡로122 (칠서면) ,055-587-1420,도로공사,적합
312,수북,2026,(주)어울림주유소,정향묘,갱신,경기 고양시 덕양구 충장로407 (화정동) ,031-967-5145,석유공사,적합
313,제주,2026,광동주유소,장금송,갱신,제주 제주시 일주서로7832 (연동) ,064-742-2525,석유공사,적합
314,충북,2026,중도석유(주) 옥산(하)주유소,민정훈,갱신,충북 청주시 흥덕구 경부고속도로309-1 (옥산면) ,043-269-0843,도로공사,적합
315,대경,2026,문경(창원방향)주유소,조영규,갱신,경북 문경시 중부내륙고속도로173-1 (유곡동) ,054-554-1659,도로공사,적합
316,대경,2026,영양농협주유소,양봉철,갱신,경북 영양군 영양창수로136-5 (영양읍) ,054-683-2002,농협,적합
317,전북,2026,이서(순천방향)주유소,이동훈,갱신,전북 완주군 호남고속도로161-1 (이서면) ,063-227-7100,도로공사,적합
318,수북,2026,가산농협주유소,김창길,갱신,경기 포천시 가산로353 (가산면) ,031-544-0107,농협,적합
319,대세충,2026,(주)케이알산업 인삼랜드(상)주유소,박희성,갱신,충남 금산군 대암길34-30 (군북면) ,041-754-5180,도로공사,적합
320,대경,2026,무궁화주유소,송영호,갱신,경북 칠곡군 칠곡대로287 (북삼읍) ,054-972-0089,석유공사,적합
321,대세충,2026,입장(상)주유소,박희성,갱신,충남 천안시 서북구 연곡길407 (입장면) ,041-588-2184,도로공사,적합
322,부울경,2026,YM21유통(주)사천(하)주유소,박윤순,갱신,경남 사천시 서삼로637 (곤양면) ,055-854-8622,도로공사,적합
323,수남,2026,태리알뜰주유소,김희순,갱신,경기 김포시 고촌읍 김포대로451번길3,031-981-5184,석유공사,적합
324,부울경,2026,진주서부농협클린주유소,류재수,갱신,경남 진주시 서장대로215 (이현동) ,055-740-6220,농협,적합
325,수남,2026,(주)고신통상 여주주유소,김정완,갱신,경기 여주시 여주남로 722 (가남읍) ,031-881-6132,도로공사,적합
326,대경,2026,건천(부산)주유소,이강년,갱신,경북 경주시 경부고속도로77 (건천읍) ,054-751-4600,도로공사,적합
327,전북,2026,고산농협주유소,손병철,갱신,전북 완주군 고산천로582 (고산면) ,063-260-7530,농협,적합
328,광전,2026,안국산업(주) 곡성(상)주유소,김성수,갱신,전남 곡성군 호남고속도로50 (겸면) ,061-362-7188,도로공사,적합
329,대세충,2026,낙농축협클린주유소,이경용,갱신,충남 당진시 남부로1413-17 (합덕읍) ,041-350-8751,농협,적합
330,충북,2026,(유)그린주유소,박재관,신규,충북 청주시 서원구 서부로1409 (개신동),043-264-5151,석유공사,적합
331,대경,2026,(주)한라석유 논공(광주)주유소,위희연,갱신,대구 달성군 광주대구고속도로169 (논공읍) ,070-4304-0610,도로공사,적합
332,대경,2026,(주)한라석유 논공(대구)주유소,위희연,갱신,대구 달성군 광주대구고속도로170 (논공읍) ,070-4304-0630,도로공사,적합
333,대경,2026,(주)한라석유 평사주유소,위희연,갱신,경북 경산시 경부고속도로105 (진량읍) ,053-851-6110,도로공사,적합
334,대세충,2026,부여백제(공주방향)휴게소 주유소,홍익기,갱신,충남 부여군 서천공주고속도로26 (내산면) ,041-833-8300,도로공사,적합
335,대세충,2026,부여백제(서천방향)휴게소 주유소,홍익기,갱신,충남 부여군 서천공주고속도로25 (내산면) ,041-834-4600,도로공사,적합
336,대세충,2026,태아산업(주)서산(목포방향)주유소,홍익기,갱신,충남 서산시 서해안고속도로241 (해미면) ,041-688-8817,도로공사,적합
337,대세충,2026,태아산업(주)서산(서울방향)주유소,홍익기,갱신,충남 서산시 서해안고속도로242 (해미면) ,041-688-7717,도로공사,적합
338,대경,2026,한영주유소,장복수,신규,대구 북구 공항로73 (복현동),053-382-5182,석유공사,적합
339,대세충,2026,(주)바이오시스 벌곡주유소,심광보 외 1명,갱신,충남 논산시 호남지선고속도로25 (벌곡면) ,041-733-7487,도로공사,적합
340,대세충,2026,(주)썬엘 벌곡(상)주유소,표경자,갱신,충남 논산시 벌곡로9-58 (벌곡면) ,041-732-3991,도로공사,적합
341,수남,2026,한국도로공사 안성(부산)주유소,함진규,갱신,경기 안성시 경부고속도로365-1 (원곡면) ,031-692-9332,도로공사,적합
342,충북,2026,에덴주유소,박동자,갱신,충북 제천시 제원로795 (봉양읍) ,043-653-2040,석유공사,적합
343,대경,2026,진량농협클린주유소,박문현,갱신,경북 경산시 다문로31 (진량읍) ,053-859-5555,농협,적합
344,광전,2026,(주)대청산업개발 황전(순천)주유소,이경실,갱신,전남 순천시 순천완주고속도로25 (황전면) ,061-782-1737,도로공사,적합
345,대경,2026,현풍농협주유소,정창섭,갱신,대구 달성군 테크노북로87 (현풍읍) ,053-614-0995,농협,적합
346,광전,2026,화순농협주유소,조준성,갱신,전남 화순군 쌍충로74 (화순읍) ,061-379-1551,농협,적합
347,전북,2026,구천동주유소,김준명 외 2명,갱신,전북 무주군 무설로1567 (설천면) ,063-324-5144,석유공사,적합
348,대경,2026,영덕농협주유소,우영환,갱신,경북 영덕군 영덕로220 (영덕읍) ,054-734-1414,농협,적합
349,대경,2026,(주)더웨이유통 선산(양평방향)주유소,정광조,갱신,경북 구미시 중부내륙고속도로128-1 (옥성면) ,054-482-6014,도로공사,적합
350,대경,2026,(주)더웨이유통 선산(창원방향)주유소,정광조,갱신,경북 구미시 중부내륙고속도로129-1 (옥성면) ,054-482-6034,도로공사,적합
351,대경,2026,영덕(상)주유소,박희성,신규,경북 영덕군 남정면 양성리 산 8-1,054-512-7122,도로공사,적합
352,대경,2026,포항(하)주유소,박희성,신규,경북 포항시 북구 송라면 동해대로 3373,054-261-2873,도로공사,적합
353,강원,2026,화천농협주유소,김명규,갱신,강원 화천군 상승로39 (화천읍) ,033-442-2167,농협,적합
354,대세충,2026,계룡농협주유소,박상진,갱신,충남 공주시 영규대사로365 (계룡면) ,041-857-3432,농협,적합
355,대세충,2026,공주(당진방향)휴게소 주유소,이동훈,갱신,충남 공주시 당진영덕고속도로69 (의당면) ,041-854-9504,도로공사,적합
356,대세충,2026,공주(대전방향)휴게소 주유소,이동훈,갱신,충남 공주시 당진영덕고속도로72-1 (송선동) ,041-854-9728,도로공사,적합
357,대경,2026,동대구주유소,정성엽,갱신,대구 동구 안심로503 (괴전동) ,053-961-8998,석유공사,적합
358,대경,2026,아름다운주유소,정성엽,갱신,대구 서구 달서로67 (비산동) ,053-557-0900,석유공사,적합
359,충북,2026,와이엠이십일유통㈜ 죽암(부산)주유소,박윤순,갱신,충북 청주시 서원구 경부고속도로287 (현도면) ,043-269-4434,도로공사,적합
360,전북,2026,진안 마이산(익산방향) 주유소,정광조,갱신,전북 진안군 익산장수고속도로41-1 (진안읍) ,063-432-1383,도로공사,적합
361,전북,2026,진안 마이산(장수방향) 주유소,정광조,갱신,전북 진안군 익산장수고속도로42-1 (진안읍) ,063-432-6353,도로공사,적합
362,대경,2026,칠곡제일주유소,류성화,갱신,대구 북구 구리로161 (국우동) ,053-321-0082,석유공사,적합
363,대경,2026,세천주유소,이병철,갱신,대구 달성군 세천북로32 (다사읍) ,053-585-0671,석유공사,적합
364,광전,2026,신북농협주유소,이기우,갱신,전남 영암군 예향로2508 (신북면) ,061-472-5550,농협,적합
365,충북,2026,괴산(마산방향)주유소,김진경,갱신,충북 괴산군 중부내륙고속도로205 (장연면) ,043-832-7970,도로공사,적합
366,광전,2026,대보건설(주)보성녹차(광양)주유소,김성호,갱신,전남 보성군 남해고속도로70 (겸백면) ,070-4325-8805,도로공사,적합
367,광전,2026,대보건설(주)보성녹차(목포)주유소,김성호,갱신,전남 보성군 남해고속도로63 (미력면) ,070-4325-8800,도로공사,적합
368,부울경,2026,대보건설(주)통도사(부산방향)주유소,김성호,갱신,경남 양산시 경부고속도로31-1 (하북면) ,055-372-6163,도로공사,적합
369,수남,2026,마도알뜰주유소,최연수,갱신,경기 화성시 두곡서길58 (마도면) ,031-355-0928,석유공사,적합
370,수남,2026,고삼(세종)주유소,박희성,신규,경기 안성시 고삼면 삼은리 산 15-9 외 66필지,031-8057-8265,도로공사,적합
371,수남,2026,고삼(포천)주유소,박희성,신규,경기 안성시 고삼면 삼은리 산 15-9 외 66필지,031-8057-8258,도로공사,적합
372,광전,2026,영암금정농협주유소,최영택,갱신,전남 영암군 영나로915 (금정면) ,061-472-2888,농협,적합
373,수남,2026,㈜케이알산업 처인세종방향주유소,박희성,갱신,경기 용인시 처인구 모현읍 곡현로619번길36,031-339-5330,도로공사,적합
374,수남,2026,㈜케이알산업 처인포천방향주유소,박희성,갱신,경기 용인시 처인구 모현읍 곡현로619번길36,031-323-5328,도로공사,적합
375,부울경,2026,대보건설(주)함안(순천)주유소,김성호,갱신,경남 함안군 현포로205-1 (군북면) ,055-582-6321,도로공사,적합
376,부울경,2026,하늘주유소,김태호,갱신,경남 창원시 마산회원구 북성로373 (회성동) ,055-295-7676,석유공사,적합
377,강원,2026,(주)비지에프휴먼넷 구정(삼척방향)주유소,이응선,갱신,강원 강릉시 동해고속도로345-1 (구정면) ,033-644-8456,도로공사,적합
378,강원,2026,(주)비지에프휴먼넷 치악(부산방향)주유소,이응선,갱신,강원 원주시 치악로416 (신림면) ,033-763-8603,도로공사,적합
379,강원,2026,(주)비지에프휴먼넷 치악(춘천방향)주유소,이응선,갱신,강원 원주시 다리실2길32 (신림면) ,033-762-0349,도로공사,적합
380,부울경,2026,주식회사 대교산청(상)주유소,정성희,갱신,경남 산청군 통영대전고속도로76 (단성면) ,055-973-6138,도로공사,적합
381,부울경,2026,주식회사 대교산청(하)주유소,정성희,갱신,경남 산청군 통영대전고속도로77 (단성면) ,055-973-8902,도로공사,적합
382,강원,2026,주식회사 나이스디앤에스 강릉(강릉방향)주유소,김윤종,갱신,강원 강릉시 영동고속도로232-1 (성산면) ,033-648-9559,도로공사,적합
383,강원,2026,주식회사 나이스디앤에스 강릉(인천방향)주유소,김윤종,갱신,강원 강릉시 영동고속도로231-1 (성산면) ,033-647-7112,도로공사,적합
384,충북,2026,(주)썬엘 청주(서울)주유소,표경자,갱신,충북 청주시 흥덕구 경부고속도로318-1 (옥산면) ,043-231-8833,도로공사,적합
385,대세충,2026,인삼랜드(하)주유소,신상태,갱신,충남 금산군 어필각로300 (군북면) ,041-751-2895,도로공사,적합
386,수북,2026,금촌농협주유소,이석관,갱신,경기 파주시 평화로240 (야동동) ,031-943-0003,농협,적합
387,대세충,2026,면천농협주유소,박노규,갱신,충남 당진시 골정길3 (면천면) ,041-356-8434,농협,적합
388,부울경,2026,YM21유통(주)사천(상)주유소,박윤순,갱신,경남 사천시 묵실길31-13 (곤양면) ,055-854-6732,도로공사,적합
389,부울경,2026,장승포농협경제사업장,이윤행,갱신,경남 거제시 거제대로3513 (아주동) ,055-682-1570,농협,적합
390,제주,2026,태흥주유소,김복자,갱신,제주 서귀포시 태위로990 (남원읍) ,064-764-5151,석유공사,적합
391,대경,2026,씨앤에스에너지 영천(대구방향)주유소,전준용 외 1인,갱신,경북 영천시 운주로791 (임고면) ,054-338-9301,도로공사,적합
392,수남,2026,동탄농업협동조합주유소,박정양,갱신,경기 화성시 삼성1로196 (석우동) ,031-613-0002,농협,적합
393,광전,2026,맛동산주유소,홍성욱,갱신,전남 순천시 순천로372 (서면) ,061-755-7878,석유공사,적합
394,부울경,2026,안국산업(주) 고성공룡나라(대전)주유소,김승영,갱신,경남 고성군 통영대전고속도로32 (대가면) ,055-674-8062,도로공사,적합
395,부울경,2026,안국산업(주) 고성공룡나라(통영)주유소,김승영,갱신,경남 고성군 통영대전고속도로29 (대가면) ,055-674-2062,도로공사,적합
396,대경,2026,화서(영덕방향)주유소,김승영,갱신,경북 상주시 터골길51-25 (화서면) ,054-531-1984,도로공사,적합
397,충북,2026,이케이에너지(주) 단양팔경(부산)주유소,김동성,신규,충북 단양군 기동2길32-37 (적성면),043-423-5406,도로공사,적합
398,수남,2026,이케이에너지(주) 이천(하)주유소,김동성,신규,경기 이천시 중부대로609번길244-35 (마장면),031-637-0401,도로공사,적합
399,대경,2026,이케이에너지(주) 추풍령(서울)주유소,김동성,신규,경북 김천시 경부고속도로214-2 (봉산면),054-430-0503,도로공사,적합
400,충북,2026,이케이에너지(주)속리산(청주)주유소,김동성,신규,충북 보은군 적암길56-18 (마로면),043-544-6311,도로공사,적합
401,대세충,2026,한국도로공사 홍성(서울)주유소,함진규,갱신,충남 홍성군 서해안고속도로220-1 (은하면) ,041-642-1145,도로공사,적합
402,대세충,2026,부리농협주유소,길영재,갱신,충남 금산군 무금로1585 (부리면) ,041-754-5188,농협,적합
403,수남,2026,안양원예농협주유소,박제봉,갱신,경기 안양시 만안구 오리로60 (박달동) ,031-441-8937,농협,적합
404,제주,2026,귀일주유소,장훈,갱신,제주 제주시 하귀로22 (애월읍) ,064-713-5060,석유공사,적합
405,수남,2026,태물주유소,김성원,갱신,경기 화성시 남양로651 (남양읍) ,031-355-0903,석유공사,적합
406,대세충,2026,광동석유(주) 천안삼거리주유소,김규석,갱신,충남 천안시 동남구 쉼1길40 (구성동) ,041-555-3001,도로공사,적합
407,부울경,2026,사등농협주유소,김학권,갱신,경남 거제시 거제대로5733 (사등면) ,055-633-5975,농협,적합
408,광전,2026,현산농협주유소,강성호,갱신,전남 해남군 땅끝대로1711 (현산면) ,061-532-0301,농협,적합
409,대경,2026,군위농협클린주유소,최형준,갱신,대구 군위군 중앙길146 (군위읍) ,054-382-5189,농협,적합
410,대경,2026,안동(상)주유소,김길생,갱신,경북 안동시 풍산태사로1903-17 (풍산읍) ,054-853-9758,도로공사,적합
411,대경,2026,안동(하)주유소,김길생,갱신,경북 안동시 풍산태사로1913-40 (풍산읍) ,054-854-3324,도로공사,적합
412,수북,2026,장흥농협주유소,이종혁,갱신,경기 양주시 호국로183 (장흥면) ,031-855-6146,농협,적합
413,제주,2026,주식회사 번영로주유소,김정임,갱신,제주 제주시 번영로578 (봉개동) ,064-723-5100,석유공사,적합
414,수남,2026,광주농협주유소,강동구,갱신,경기 광주시 중앙로153 (경안동) ,031-765-5151,농협,적합
415,대세충,2026,금산농협주유소,곽병일,갱신,충남 금산군 무금로2161 (남일면) ,041-751-1155,농협,적합
416,수북,2026,주식회사 유턴상사 유턴주유소,한윤경,갱신,서울 강서구 남부순환로57 (공항동) ,02-2665-5047,석유공사,적합
417,수북,2026,(주)동해주유소,한영옥,갱신,경기 포천시 호국로2659 (영중면) ,031-533-5177,석유공사,적합
418,수북,2026,(주)어하둥둥알뜰주유소,허영,갱신,경기 양주시 부흥로1300 (유양동) ,031-856-9991,석유공사,적합
419,전북,2026,(주)우리유통 여산(상)주유소,박원우,갱신,전북 익산시 호남고속도로192 (여산면) ,063-836-5272,도로공사,적합
420,광전,2026,공원주유소,정대중,갱신,전남 장성군 방장로995 (북이면) ,061-394-8416,석유공사,적합
421,충북,2026,대보디앤에스(주)음성(하남)주유소,한제영,갱신,충북 음성군 중부고속도로52 (삼성면) ,043-881-1086,도로공사,적합
422,강원,2026,도계농협클린주유소,김성태,갱신,강원 삼척시 강원남부로1818 (도계읍) ,033-541-1170,농협,적합
423,수남,2026,부발농협주유소,황선명,갱신,경기 이천시 무촌로173 (부발읍) ,031-633-3206,농협,적합
424,대세충,2026,서서천농협주유소,신흥식,갱신,충남 서천군 서인로824 (서면) ,041-952-8251,농협,적합
425,대세충,2026,세종부강농업협동조합주유소,김기주,갱신,세종 부강외천로10 (부강면) ,044-868-6145,농협,적합
426,충북,2026,옥화대주유소,이봉기 외 3명,갱신,충북 청주시 상당구 남부로6705 (미원면) ,043-298-1230,석유공사,적합
427,전북,2026,우리유통(주),박원우,갱신,전북 익산시 호남고속도로191 (여산면) ,063-836-5246,도로공사,적합
428,수남,2026,포곡농협가득채움주유소,김순곤,갱신,경기 용인시 처인구 석성로871 (포곡읍) ,031-321-5844,농협,적합
429,대경,2026,현곡농협클린주유소,서재천,갱신,경북 경주시 용담로498 (현곡면) ,054-745-9114,농협,적합
430,대경,2026,의성(영덕)주유소,김길생,갱신,경북 의성군 새못안길45-47 (안계면),054-862-9254,도로공사,적합
431,대경,2026,의성(청주)주유소,김길생,갱신,경북 의성군 새못안길45-49 (안계면),054-862-9036,도로공사,적합
432,광전,2026,(주)피디텍 광양알뜰주유소,박진완 외 1명,갱신,전남 광양시 백운로160 (광양읍) ,061-763-5566,석유공사,적합
433,대경,2026,남대교주유소,김기현,갱신,경북 칠곡군 남구미로189 (석적읍) ,054-971-4700,석유공사,적합
434,광전,2026,독립로주유소,김길곤,갱신,광주 남구 독립로143 (월산동) ,062-363-5189,석유공사,적합
435,대세충,2026,서창산업(주) 서천(서울방향)주유소,최윤묵 외 2명,갱신,충남 서천군 서해안고속도로168 (비인면) ,041-952-9735,도로공사,적합
436,수남,2026,서창산업(주) 용인(강릉방향)주유소,최윤묵 외 2명,갱신,경기 용인시 처인구 주북로94번길30 (양지면) ,031-332-3221,도로공사,적합
437,수남,2026,서창산업(주) 용인(인천방향)주유소,최윤묵 외 2명,갱신,경기 용인시 처인구 주북로66-16 (고림동) ,031-339-2262,도로공사,적합
438,광전,2026,시카프관광개발(주)곡성(순천)주유소,김대원,갱신,전남 곡성군 호남고속도로49-1 (겸면) ,061-362-5955,도로공사,적합
439,대경,2026,영주농협주유소,남정순,갱신,경북 영주시 구성로11 (조암동) ,054-638-5180,농협,적합
440,대경,2026,임고농협클린주유소,최용수,갱신,경북 영천시 포은로424 (임고면) ,054-336-7751,농협,적합
441,광전,2026,장흥정남진주유소,이경실,갱신,전남 장흥군 남해고속도로41 (부산면) ,070-4105-1852,도로공사,적합
442,전북,2026,정읍녹두장군(천안)주유소,김범수,갱신,전북 정읍시 하북1길227-23 (북면) ,063-533-0903,도로공사,적합
443,충북,2026,제천농협주유소,박근수,갱신,충북 제천시 의림대로394 (고암동) ,043-652-5185,농협,적합
444,부울경,2026,주식회사 나이스디앤에스 울주(울산방향)주유소,김윤종,갱신,울산 울주군 함양울산고속도로134 (삼동면) ,052-977-2243,도로공사,적합
445,부울경,2026,주식회사 나이스디앤에스 울주(함양방향)주유소,김윤종,갱신,울산 울주군 함양울산고속도로133 (삼동면) ,052-977-3243,도로공사,적합
446,강원,2026,태백농협주유소,김병두,갱신,강원 태백시 태백로708 (화전동) ,033-552-9033,농협,적합
447,대경,2026,하빈농협클린주유소,이해성,갱신,대구 달성군 하빈로380 (하빈면) ,053-582-6619,농협,적합
448,부울경,2026,함양(통영)주유소,김대원,갱신,경남 함양군 효산길23-31 (지곡면) ,055-963-8762,도로공사,적합
449,부울경,2026,함양(하남)주유소,김대원,갱신,경남 함양군 효산길23-11 (지곡면) ,055-964-1041,도로공사,적합
450,강원,2026,(주)행복드림,조재호,갱신,강원 원주시 원문로402 (호저면) ,033-747-2670,석유공사,적합
451,대경,2026,그린주유소,김언수,갱신,대구 수성구 달구벌대로2899 (연호동) ,053-792-0891,석유공사,적합
452,부울경,2026,농소농협알뜰주유소,정성락,갱신,울산 북구 매곡로11 (신천동) ,052-293-5145,농협,적합
453,대경,2026,동해농협주유소,안희식,갱신,경북 포항시 남구 일월로113 (동해면) ,054-286-1199,농협,적합
454,광전,2026,세지농협주유소,이은상,갱신,전남 나주시 예향로3138 (세지면) ,061-337-5087,농협,적합
455,제주,2026,하귀농협주유소,강병진,갱신,제주 제주시 일주서로7136 (애월읍) ,064-720-1870,농협,적합
456,부울경,2026,거창농업협동조합주유소,신중갑,갱신,경남 거창군 거함대로3179 (거창읍) ,055-944-5104,농협,적합
457,대경,2026,(주)나이스디앤에스경산(서울방향)주유소,김윤종,갱신,경북 경산시 대학로1089 (진량읍) ,053-851-7025,도로공사,적합
458,대경,2026,선남농협클린주유소,노시영,갱신,경북 성주군 성주로3963 (선남면) ,054-932-1198,농협,적합
459,대경,2026,성주농협주유소,이해간,갱신,경북 성주군 성주읍1길1 (성주읍) ,054-933-2075,농협,적합
460,부울경,2026,(주)이엠석유 영산(하)주유소,변성해,갱신,경남 창녕군 장척호수길56-110 (영산면) ,055-521-3284,도로공사,적합
461,대경,2026,씨앤에스에너지㈜ 경주(부산방향)주유소,전준용 외 1명,갱신,경북 경주시 경부고속도로59-1 (내남면) ,054-748-3427,도로공사,적합
462,강원,2026,키다리식품(주) 홍천(서울)주유소,이명수,갱신,강원 홍천군 서울양양고속도로83-1 (화촌면) ,033-436-7887,도로공사,적합
463,강원,2026,키다리식품(주) 홍천(양양)주유소,이명수,갱신,강원 홍천군 서울양양고속도로84-1 (화촌면) ,033-436-7997,도로공사,적합
464,부울경,2026,합천농협주유소,나상정,갱신,경남 합천군 대야로900 (합천읍) ,055-933-8600,농협,적합
465,충북,2026,충주농협주유소,최한교,갱신,충북 충주시 탄금대로364 (칠금동) ,043-851-3651,농협,적합
466,충북,2026,(주)서림주유소,강남희,갱신,충북 충주시 형설로102 (용산동) ,043-848-8886,석유공사,적합
467,충북,2026,단비주유소,장주경,갱신,충북 청주시 청원구 상당로281-1 (내덕동) ,043-221-5189,석유공사,적합
468,전북,2024, 보령물산(주) 고창고인돌 (서울)주유소,최만규,신규,전북 고창군 서해안고속도로80-1 (신림면),063-561-0963,도로공사,적합
